id,title,agenda,description,session_status,start_time,end_time,display_order,is_featured,live_youtube_url
1,Registration Begins,01 | Governance & Resilience,,upcoming,2026-09-20T08:00:00+05:45,,1,FALSE,https://www.youtube.com/live/qXOcFwsHvvU
2,Welcome and DNC Highlights,01 | Governance & Resilience,,upcoming,2026-09-20T09:00:00+05:45,,2,FALSE,https://www.youtube.com/live/qXOcFwsHvvU
3,Digital Nepal: The Journey,01 | Governance & Resilience,Video Documentary,upcoming,2026-09-20T09:15:00+05:45,,3,FALSE,https://www.youtube.com/live/qXOcFwsHvvU
4,Welcome Remarks,01 | Governance & Resilience,,upcoming,2026-09-20T09:20:00+05:45,,4,FALSE,https://www.youtube.com/live/qXOcFwsHvvU
5,Context Setting,01 | Governance & Resilience,"Data From Disaster: Nepal's 2026 Flash Floods: Capturing Human Experiences, Tracing Digital Footprints, Building a Resilient Future",upcoming,2026-09-20T09:25:00+05:45,,5,FALSE,https://www.youtube.com/live/qXOcFwsHvvU
6,Keynote I,01 | Governance & Resilience,Accelerating the Digital Governance and Public Service Reforms,upcoming,2026-09-20T09:35:00+05:45,,6,FALSE,https://www.youtube.com/live/qXOcFwsHvvU
7,Keynote II,01 | Governance & Resilience,"Building Digital Resilience: Driving Digital Governance, Transformation, and Economic Success",upcoming,2026-09-20T09:50:00+05:45,,7,FALSE,https://www.youtube.com/live/qXOcFwsHvvU
8,Lightning Talk,01 | Governance & Resilience,Building Digital Resilience for Climate & Disaster,upcoming,2026-09-20T10:05:00+05:45,,8,FALSE,https://www.youtube.com/live/qXOcFwsHvvU
9,Digital Spark I,01 | Governance & Resilience,TingTing | Kata Ho!,upcoming,2026-09-20T10:15:00+05:45,,9,FALSE,https://www.youtube.com/live/qXOcFwsHvvU
10,Industry Prospective,01 | Governance & Resilience,"Redefining the Governance, Data, and the Digital Economy for Digital Resilience",upcoming,2026-09-20T10:25:00+05:45,,10,FALSE,https://www.youtube.com/live/qXOcFwsHvvU
11,Thematic Panel I,01 | Governance & Resilience,Building the Foundations for Resilient Digital Governance,upcoming,2026-09-20T10:35:00+05:45,,11,FALSE,https://www.youtube.com/live/qXOcFwsHvvU
12,Guests' Remarks,01 | Governance & Resilience,3 mins each,upcoming,2026-09-20T11:45:00+05:45,,12,FALSE,https://www.youtube.com/live/qXOcFwsHvvU
13,Chief Guest Remarks,01 | Governance & Resilience,,upcoming,2026-09-20T12:00:00+05:45,,13,FALSE,https://www.youtube.com/live/qXOcFwsHvvU
14,Vote of Thanks,01 | Governance & Resilience,,upcoming,2026-09-20T12:10:00+05:45,,14,FALSE,https://www.youtube.com/live/qXOcFwsHvvU
15,Digital Spark II,02 | Digital Public Services,Code X School | Third Factor.AI | Nagarik App,upcoming,2026-09-20T13:15:00+05:45,,15,FALSE,https://www.youtube.com/live/qXOcFwsHvvU
16,Lightning Talk,02 | Digital Public Services,From Silos to Seamless Services: Data Exchange and Government Architecture,upcoming,2026-09-20T13:30:00+05:45,,16,FALSE,https://www.youtube.com/live/qXOcFwsHvvU
17,Thematic Panel II,02 | Digital Public Services,Paradigms of Data Governance: Can Nagarik App Become Nepal's Digital Gateway and Disaster Alert Hub?,upcoming,2026-09-20T13:45:00+05:45,,17,FALSE,https://www.youtube.com/live/qXOcFwsHvvU
18,Digital Spark III,03 | AI Sovereignty & Data,Nasa X | NAS-IT | Education Data and Findings,upcoming,2026-09-20T15:00:00+05:45,,18,FALSE,https://www.youtube.com/live/qXOcFwsHvvU
19,Keynote III,03 | AI Sovereignty & Data,DPI and Ethical AI in Governance: Leveraging Frontier Tech as a Strategic Enabler,upcoming,2026-09-20T15:15:00+05:45,,19,FALSE,https://www.youtube.com/live/qXOcFwsHvvU
20,Thematic Panel III,03 | AI Sovereignty & Data,"Building Nepal's AI Sovereignty: Infrastructure, Data, Governance",upcoming,2026-09-20T15:30:00+05:45,,20,FALSE,https://www.youtube.com/live/qXOcFwsHvvU
21,Digital Spark IV,04 | The Digital Economy Engine,Sociair E-commerce | Lipi One | Everest Cloud,upcoming,2026-09-20T17:00:00+05:45,,21,FALSE,https://www.youtube.com/live/qXOcFwsHvvU
22,Keynote IV,04 | The Digital Economy Engine,Digital Innovation for a Prosperous and Resilient Economy,upcoming,2026-09-20T17:15:00+05:45,,22,FALSE,https://www.youtube.com/live/qXOcFwsHvvU
23,Strategic Overview,04 | The Digital Economy Engine,Virtual Presentation,upcoming,2026-09-20T17:30:00+05:45,,23,FALSE,https://www.youtube.com/live/qXOcFwsHvvU
24,Thematic Panel IV,04 | The Digital Economy Engine,"Unlocking Digital Nepal: Advancing Digital Transparency, Innovation and Digital Economy",upcoming,2026-09-20T17:45:00+05:45,,24,FALSE,https://www.youtube.com/live/qXOcFwsHvvU
25,Digital Spark V,04 | The Digital Economy Engine,Ancoda Lab | Sky IT,upcoming,2026-09-20T18:45:00+05:45,,25,FALSE,https://www.youtube.com/live/qXOcFwsHvvU
26,Guest's Remarks,05 | Leadership Dialogue,"Accelerating Digital Industry, Innovation and Investment",upcoming,2026-09-20T19:00:00+05:45,,26,FALSE,https://www.youtube.com/live/qXOcFwsHvvU
27,Closing Chief Guest's Remarks,05 | Leadership Dialogue,Building Digital Resilience: Unlocking Nepal's Tech Industry & Startup Potential,upcoming,2026-09-20T19:10:00+05:45,,27,FALSE,https://www.youtube.com/live/qXOcFwsHvvU
28,Token of Appreciation and Group Photo,05 | Leadership Dialogue,Patrons and Organizing Team.,upcoming,2026-09-20T19:00:00+05:45,,28,FALSE,https://www.youtube.com/live/qXOcFwsHvvU
29,Vote of Thanks,05 | Leadership Dialogue,,upcoming,2026-09-20T19:15:00+05:45,,29,FALSE,https://www.youtube.com/live/qXOcFwsHvvU
