documentId,role,displayOrder,participant,session
welcome-and-dnc-highlights-1--ms-sugarika-kc,host,1,ms-sugarika-kc,welcome-and-dnc-highlights-1
welcome-and-dnc-highlights-1--mr-razan-lamsal,speaker,2,mr-razan-lamsal,welcome-and-dnc-highlights-1
welcome-remarks-3--prof-dr-manish-pokharel,speaker,1,prof-dr-manish-pokharel,welcome-remarks-3
context-setting-4--mr-niraj-bhusal,speaker,1,mr-niraj-bhusal,context-setting-4
keynote-i-5--mr-julien-chevillard,speaker,1,mr-julien-chevillard,keynote-i-5
digital-spark-i-6--ms-anjelika-sah,presenter,1,ms-anjelika-sah,digital-spark-i-6
industry-prospective-7--mr-deepen-chapagain,speaker,1,mr-deepen-chapagain,industry-prospective-7
thematic-panel-i-8--hon-dharma-raj-kc,panelist,1,hon-dharma-raj-kc,thematic-panel-i-8
thematic-panel-i-8--ms-parbati-sunuwar,panelist,2,ms-parbati-sunuwar,thematic-panel-i-8
thematic-panel-i-8--dr-dharam-raj-uprety,panelist,3,dr-dharam-raj-uprety,thematic-panel-i-8
thematic-panel-i-8--ms-prabha-bogati,panelist,4,ms-prabha-bogati,thematic-panel-i-8
thematic-panel-i-8--mr-subhash-dhakal,panelist,5,mr-subhash-dhakal,thematic-panel-i-8
thematic-panel-i-8--mr-manohar-bhattarai,panelist,6,mr-manohar-bhattarai,thematic-panel-i-8
thematic-panel-i-8--mr-hempal-shrestha,facilitator,7,mr-hempal-shrestha,thematic-panel-i-8
lightning-talk-9--mr-basanta-raj-shrestha,speaker,1,mr-basanta-raj-shrestha,lightning-talk-9
guests-remarks-10--mr-sunil-kc,speaker,1,mr-sunil-kc,guests-remarks-10
guests-remarks-10--embassy-saarc,speaker,2,embassy-saarc,guests-remarks-10
guests-remarks-10--mr-anjan-shrestha,speaker,3,mr-anjan-shrestha,guests-remarks-10
guests-remarks-10--mr-guru-prasad-poudel,speaker,4,mr-guru-prasad-poudel,guests-remarks-10
guests-remarks-10--mr-arjun-ghimire,speaker,5,mr-arjun-ghimire,guests-remarks-10
keynote-ii-11--mr-sudeep-dhakal,speaker,1,mr-sudeep-dhakal,keynote-ii-11
chief-guest-remarks-12--hon-dr-bikram-timalsina,speaker,1,hon-dr-bikram-timalsina,chief-guest-remarks-12
vote-of-thanks-13--mr-ganesh-shah,speaker,1,mr-ganesh-shah,vote-of-thanks-13
digital-spark-ii-14--mr-saroj-bhattarai,presenter,1,mr-saroj-bhattarai,digital-spark-ii-14
digital-spark-ii-14--mr-sojan-prajapati,presenter,2,mr-sojan-prajapati,digital-spark-ii-14
digital-spark-ii-14--mr-chudamani-dhungana,presenter,3,mr-chudamani-dhungana,digital-spark-ii-14
lightning-talk-15--mr-manoj-ghimire,speaker,1,mr-manoj-ghimire,lightning-talk-15
thematic-panel-ii-16--hon-arvind-sah,panelist,1,hon-arvind-sah,thematic-panel-ii-16
thematic-panel-ii-16--dr-archana-shrestha,panelist,2,dr-archana-shrestha,thematic-panel-ii-16
thematic-panel-ii-16--mr-ram-datta-bhatta,panelist,3,mr-ram-datta-bhatta,thematic-panel-ii-16
thematic-panel-ii-16--mr-santosh-sigdel,panelist,4,mr-santosh-sigdel,thematic-panel-ii-16
thematic-panel-ii-16--mr-bikash-nahata,panelist,5,mr-bikash-nahata,thematic-panel-ii-16
thematic-panel-ii-16--mr-ananda-raj-khanal,facilitator,6,mr-ananda-raj-khanal,thematic-panel-ii-16
digital-spark-iii-17--mr-ram-prasad-rimal,presenter,1,mr-ram-prasad-rimal,digital-spark-iii-17
digital-spark-iii-17--dr-bhoj-raj-ghimire,presenter,2,dr-bhoj-raj-ghimire,digital-spark-iii-17
digital-spark-iii-17--mr-sambedan-koirala,presenter,3,mr-sambedan-koirala,digital-spark-iii-17
keynote-iii-18--prof-dr-bal-krishna-bal,speaker,1,prof-dr-bal-krishna-bal,keynote-iii-18
thematic-panel-iii-19--hon-dr-lekhjung-thapa,panelist,1,hon-dr-lekhjung-thapa,thematic-panel-iii-19
thematic-panel-iii-19--mr-adesh-khadka,panelist,2,mr-adesh-khadka,thematic-panel-iii-19
thematic-panel-iii-19--mr-sanjaya-poudel,panelist,3,mr-sanjaya-poudel,thematic-panel-iii-19
thematic-panel-iii-19--mr-sambedan-koirala,panelist,4,mr-sambedan-koirala,thematic-panel-iii-19
thematic-panel-iii-19--dr-rosha-pokharel,panelist,5,dr-rosha-pokharel,thematic-panel-iii-19
thematic-panel-iii-19--dr-bhoj-raj-ghimire,facilitator,6,dr-bhoj-raj-ghimire,thematic-panel-iii-19
thematic-panel-iii-19--prof-dr-sudan-jha,session_chair,7,prof-dr-sudan-jha,thematic-panel-iii-19
digital-spark-iv-20--ms-dikshya-giri,presenter,1,ms-dikshya-giri,digital-spark-iv-20
digital-spark-iv-20--mr-abhi-shrestha,presenter,2,mr-abhi-shrestha,digital-spark-iv-20
digital-spark-iv-20--mr-sudan-dhakal,presenter,3,mr-sudan-dhakal,digital-spark-iv-20
keynote-iv-21--mr-bal-krishna-joshi,speaker,1,mr-bal-krishna-joshi,keynote-iv-21
strategic-overview-22--ms-tahani-iqbal,speaker,1,ms-tahani-iqbal,strategic-overview-22
thematic-panel-iv-23--ms-yanki-ukyab,panelist,1,ms-yanki-ukyab,thematic-panel-iv-23
thematic-panel-iv-23--ms-tahani-iqbal,panelist,2,ms-tahani-iqbal,thematic-panel-iv-23
thematic-panel-iv-23--dr-s-amer-ahmed,panelist,3,dr-s-amer-ahmed,thematic-panel-iv-23
thematic-panel-iv-23--mr-maneet-dhungel,panelist,4,mr-maneet-dhungel,thematic-panel-iv-23
thematic-panel-iv-23--mr-vivek-rana,facilitator,5,mr-vivek-rana,thematic-panel-iv-23
thematic-panel-iv-23--dr-ghanshyam-upadhyaya,session_chair,6,dr-ghanshyam-upadhyaya,thematic-panel-iv-23
digital-spark-v-24--mr-suryodaya-bikram-shahi,presenter,1,mr-suryodaya-bikram-shahi,digital-spark-v-24
digital-spark-v-24--mr-suman-lal-pradhan,presenter,2,mr-suman-lal-pradhan,digital-spark-v-24
closing-chief-guest-s-remarks-26--hon-jagadish-kharel,speaker,1,hon-jagadish-kharel,closing-chief-guest-s-remarks-26
vote-of-thanks-28--prof-dr-subarna-shakya,speaker,1,prof-dr-subarna-shakya,vote-of-thanks-28
